Model,Accuracy (Mean),Accuracy (Std),Precision (Mean),F1 (Mean),F1 (Std),Train Time (Mean s),Infer Time (Mean ms)
Random Forest,0.9954545454545455,0.0032141217326661065,0.9957041363739929,0.9954482829964217,0.0032173433861821003,0.36516871452331545,10.508203506469727
Decision Tree,0.9877272727272727,0.006833316535624036,0.9882874541726215,0.9877241243993492,0.006831253377842312,0.009936141967773437,0.30002593994140625
Extra Trees,0.9931818181818182,0.001437398936440164,0.9937261407201078,0.993161224498359,0.0014464966208418575,0.21943063735961915,15.109443664550781
MLP (DNN),0.9845454545454546,0.003340213285613433,0.9858640398907197,0.9844972084752988,0.003341243628703908,4.51026668548584,2.0431041717529297
