Category,Model,Accuracy,Precision,Recall,F1-score,Training Time (s),Inference Time (s)
Traditional ML,Random Forest,0.9931818181818182,0.9937348484848485,0.9931818181818182,0.9931754816901672,0.52,0.0465245246887207
Deep Learning,MLP (DNN),0.9772727272727273,0.9803371212121212,0.9772727272727273,0.977768491716751,25.1,0.002195119857788086
